category_id,name,description,parent_id,created_at
1,Electronics,Agent every development say.,,2022-11-27 03:19:58
2,Clothing,Beautiful instead ahead despite measure ago current.,,2022-10-18 23:06:56
3,Home & Kitchen,Information last everything thank serve civil institution.,,2021-04-23 11:12:20
4,Beauty,Whatever from behavior benefit suggest.,,2022-08-12 12:39:41
5,Sports & Outdoors,Role movie win.,,2021-09-17 12:45:27
6,Books,Fall pick those gun court attorney product.,,2023-04-16 22:19:04
7,Toys,Talk term herself law.,,2023-07-15 02:38:20
8,Automotive,Have decide environment view.,,2022-10-16 06:16:56
9,Health,Play move each left establish understand read detail.,,2021-06-30 06:31:48
10,Grocery,Director allow firm environment.,,2021-01-15 17:53:29
11,Pet Supplies,Then fire pretty how trip learn enter.,,2021-03-08 19:42:06
12,Office Products,Much section investment on gun young catch.,,2022-03-04 12:21:25
13,Garden,Technology check civil.,,2022-12-02 15:55:54
14,Baby,As high you more wife team activity result.,,2022-12-04 11:01:46
15,Furniture,Seem shoulder future fall citizen about reveal.,,2023-01-28 22:23:01
16,Industrial,Seven medical blood personal success medical current.,,2021-09-10 18:44:52
17,Music,Much single morning a.,,2021-06-30 02:05:18
18,Movies,Born guy world.,,2023-06-05 04:10:08
19,Art,Around there water beat magazine.,,2020-06-22 14:59:34
20,Jewelry,She campaign little near enter their institution.,,2021-01-16 22:28:50
21,Handmade,Sense ready require human public health tonight.,,2022-01-02 02:40:05
22,Handmade - End,Ask again network open according.,21.0,2023-01-11 15:14:49
23,Beauty - Artist,Attack all form method everything.,4.0,2022-02-20 16:17:58
24,Electronics - Notice,Rich think office drug.,1.0,2022-02-02 12:03:39
25,Health - Investment,Behind probably great in tell.,9.0,2020-05-31 15:35:53
26,Automotive - Ready,Art rock song body.,8.0,2020-12-18 09:55:19
27,Automotive - Not,Cell contain leg themselves away space task.,8.0,2020-08-03 13:10:09
28,Sports & Outdoors - Reach,Structure why unit support coach magazine degree.,5.0,2021-10-20 09:53:00
29,Beauty - Artist,Her world enter six.,4.0,2022-01-07 06:10:05
30,Movies - Land,Product main couple design around save article.,18.0,2021-06-14 16:07:46
31,Home & Kitchen - Apply,Live try most arm meet surface attention attack.,3.0,2023-08-24 14:11:34
32,Art - International,Walk now often always.,19.0,2020-07-11 06:46:44
33,Baby - Really,North first end prove fire enter capital population.,14.0,2022-01-10 11:52:30
34,Clothing - Woman,Act perform none beyond.,2.0,2022-05-07 23:17:17
35,Electronics - Move,Car give attention each expect.,1.0,2021-12-13 16:16:29
36,Home & Kitchen - Of,Particularly would pressure account stage.,3.0,2021-05-24 21:19:14
37,Toys - Record,Voice care break blood.,7.0,2022-05-30 17:53:39
38,Automotive - Expert,Painting response data plant enough.,8.0,2022-02-25 05:36:12
39,Music - Western,Begin interest everybody.,17.0,2020-03-18 16:30:51
40,Jewelry - Spend,Pm energy scientist necessary.,20.0,2021-11-28 08:11:42
41,Electronics - Act,Away third tough nation.,1.0,2023-07-15 19:37:48
42,Movies - Pass,Challenge camera final together someone team together.,18.0,2021-01-14 10:06:49
43,Toys - Enjoy,Government nice themselves wind.,7.0,2023-03-13 11:09:18
44,Handmade - Wish,Ten wish specific thing agent.,21.0,2023-02-22 14:22:52
45,Movies - Go,Soon ten specific environment skin blue.,18.0,2023-09-08 17:00:37
46,Baby - Town,Develop staff least figure somebody dinner age.,14.0,2020-12-20 15:54:32
47,Automotive - Get,Ten whom evidence political hundred.,8.0,2024-02-14 22:16:56
48,Furniture - Not,Voice boy wife condition while enter.,15.0,2020-08-18 21:06:52
49,Art - Leader,Rock finish paper memory history office.,19.0,2021-03-20 15:32:13
50,Health - Section,Ability understand Mrs rest score provide.,9.0,2021-08-27 14:54:13
51,Electronics - Available,Perhaps professional by tonight medical project.,1.0,2021-07-03 01:09:21
52,Books - Same,Never court professor here security.,6.0,2020-11-22 18:07:09
53,Baby - Outside,Image street fight decision size.,14.0,2022-08-16 19:35:26
54,Pet Supplies - Fund,Kid put memory soldier where save probably.,11.0,2021-05-02 02:36:20
55,Health - Record,Friend stand seem pull different current agency each.,9.0,2022-02-05 15:54:58
56,Sports & Outdoors - To,Lay though offer responsibility.,5.0,2021-09-25 11:38:38
57,Toys - Instead,Challenge reach throughout team those.,7.0,2023-04-24 17:58:39
58,Pet Supplies - Discuss,Sound receive let newspaper.,11.0,2023-11-13 21:28:46
59,Beauty - Campaign,Card let most next fish sense kind.,4.0,2023-06-17 04:47:50
60,Home & Kitchen - Wait,Interview trade knowledge city technology late seem.,3.0,2023-07-23 12:20:15
61,Garden - Factor,Machine dream key require doctor from throw.,13.0,2020-07-09 05:29:21
62,Beauty - City,Him check degree increase former.,4.0,2022-01-23 04:54:50
63,Office Products - Assume,Strategy hope show watch affect.,12.0,2023-09-21 02:41:30
64,Office Products - Parent,Local wall fear hope through structure.,12.0,2022-05-08 19:50:27
65,Jewelry - Simple,Son today major event magazine home protect.,20.0,2023-05-23 13:29:16
66,Health - Shake,Subject try wonder move.,9.0,2023-10-29 11:52:28
67,Clothing - Person,Production base investment term consider employee force.,2.0,2022-01-06 19:19:56
68,Furniture - Green,Everything week instead strong like see.,15.0,2020-05-28 14:28:17
69,Movies - Hard,Practice sit prepare senior wear.,18.0,2020-12-29 18:22:59
70,Beauty - Again,Charge call prove nor design record short cold.,4.0,2022-08-17 16:08:05
71,Garden - Small,Sing clearly find official.,13.0,2023-11-30 13:47:58
72,Home & Kitchen - Parent,However resource away real physical big.,3.0,2023-04-16 01:43:11
73,Movies - To,South someone not American mouth product attention positive.,18.0,2020-03-31 23:48:52
74,Grocery - Kitchen,Black whether player stock religious itself safe.,10.0,2024-01-23 00:38:08
75,Handmade - Expect,Space Mrs low itself room environmental system store.,21.0,2020-07-18 02:51:22
76,Jewelry - Upon,During let particular her agreement surface consider.,20.0,2021-01-17 09:45:30
77,Office Products - Subject,Future they red everybody act.,12.0,2023-12-28 14:08:51
78,Art - Bed,Result major serve real position.,19.0,2022-02-28 13:52:47
79,Toys - Structure,Behavior develop reality.,7.0,2021-06-03 20:42:21
80,Home & Kitchen - Party,List most international second former reflect.,3.0,2021-04-13 07:20:42
81,Clothing - Enter,Building court build movie several.,2.0,2020-12-09 00:06:28
82,Automotive - Direction,Everybody operation set others wonder strategy fast.,8.0,2021-08-22 17:46:44
83,Grocery - Five,Remain call animal.,10.0,2020-06-01 04:02:22
84,Home & Kitchen - Final,Point sell bill activity.,3.0,2021-05-02 21:59:34
85,Automotive - Measure,Future whole education technology box assume.,8.0,2022-03-01 22:19:15
86,Beauty - Part,Rather charge specific we be easy newspaper indicate.,4.0,2022-08-01 10:12:39
87,Garden - Present,Simply herself training father open.,13.0,2021-11-30 00:16:09
88,Health - Outside,Art whether between several personal enough ball dream.,9.0,2022-05-28 22:43:04
89,Furniture - Close,Impact ready like.,15.0,2020-04-30 04:38:39
90,Handmade - Fight,Reflect law reach under skin.,21.0,2022-09-12 16:37:32
91,Office Products - Recently,Interesting name positive training step.,12.0,2020-06-25 20:02:15
92,Books - Company,Organization station TV keep light.,6.0,2021-05-31 18:33:11
93,Office Products - Interesting,Matter management ball always it.,12.0,2021-06-27 09:45:58
94,Office Products - Enough,Before while structure.,12.0,2022-07-01 20:25:15
95,Toys - Against,Office several compare million kind.,7.0,2021-04-23 21:12:24
96,Health - Pay,Play man before girl four prove.,9.0,2023-08-18 14:55:17
97,Handmade - Girl,Really explain war spend nearly lawyer.,21.0,2021-06-16 00:07:09
98,Home & Kitchen - Game,Wife identify method write.,3.0,2022-10-30 07:45:50
99,Jewelry - Occur,Including could gun series personal service data.,20.0,2022-05-24 21:30:06
100,Handmade - Within,Just recognize building win participant.,21.0,2021-02-26 02:41:17
101,Books - Cold,Nearly need behavior yeah tree.,6.0,2022-01-16 15:57:27
102,Movies - Buy,Marriage respond meeting event.,18.0,2023-07-16 00:09:02
103,Automotive - Marriage,Lead certain course out second.,8.0,2020-09-28 22:35:21
104,Books - Available,Significant take future skin environment.,6.0,2020-03-17 06:08:14
105,Furniture - She,Study oil process tend land.,15.0,2022-02-19 02:40:22
106,Garden - Go,Several help usually thank wonder draw him.,13.0,2023-08-16 02:36:31
107,Health - Item,Fish list tree.,9.0,2021-09-21 11:18:52
108,Handmade - Record,Manager already maybe opportunity.,21.0,2023-09-05 02:31:42
109,Movies - Two,Between treat address century that wide.,18.0,2020-06-30 19:53:51
110,Automotive - Station,Full realize power system system.,8.0,2023-08-20 23:20:27
111,Pet Supplies - Husband,Phone thought maintain must pay doctor.,11.0,2022-12-08 09:19:16
112,Clothing - Field,Section its better plant their.,2.0,2021-12-21 16:54:37
113,Automotive - Rule,Tough animal someone fall hear.,8.0,2020-10-12 04:18:40
114,Clothing - Nice,Not society color bad that people.,2.0,2021-02-28 08:24:58
115,Pet Supplies - While,Central leave effect effort act source top quality.,11.0,2020-10-30 07:17:50
116,Garden - Letter,Write federal while real lead few.,13.0,2024-03-12 13:16:01
117,Health - Tonight,Blood high grow fast recognize against stop.,9.0,2021-10-12 18:20:39
118,Home & Kitchen - Across,Ten sing wind treat seat strategy total.,3.0,2023-04-20 20:01:43
119,Toys - Drug,Soon despite couple economy sense should race carry.,7.0,2020-08-02 11:03:15
120,Art - Product,Final kid often.,19.0,2023-02-16 10:57:05
121,Pet Supplies - Believe,Force indeed customer skill theory.,11.0,2021-08-30 00:16:08
122,Toys - More,Store either station loss southern.,7.0,2023-03-09 04:49:55
123,Handmade - Ground,Life away senior difficult.,21.0,2022-11-26 14:09:26
124,Industrial - Represent,Whose source hand so add Mr.,16.0,2022-01-06 22:22:20
125,Garden - Remember,Once state wait board doctor.,13.0,2020-04-19 01:37:55
126,Handmade - Usually,Foreign particular positive play less red power.,21.0,2020-08-30 23:12:16
127,Furniture - Answer,Fight manage best.,15.0,2023-09-30 18:12:01
128,Sports & Outdoors - Central,Law provide sea watch industry score.,5.0,2020-10-25 06:14:03
129,Health - Join,Street past voice evidence.,9.0,2022-12-16 23:31:48
130,Sports & Outdoors - Director,Know door guy wonder happen top.,5.0,2022-10-11 13:46:47
131,Automotive - Ask,Every why we station begin deep.,8.0,2022-10-03 18:45:26
132,Movies - Against,Skill during call.,18.0,2022-06-16 08:00:42
133,Movies - Authority,Debate democratic thank forget challenge too able.,18.0,2023-08-19 14:31:12
134,Health - Check,Music sometimes body term.,9.0,2020-09-22 01:36:48
135,Art - Help,Open administration enter camera inside.,19.0,2020-08-26 13:04:54
136,Baby - Attack,Large gun order later develop past road.,14.0,2023-11-01 03:47:18
137,Art - Reason,Feeling poor all your suggest international blue.,19.0,2023-01-18 07:08:50
138,Garden - Life,Tonight focus chance call.,13.0,2022-09-11 14:39:39
139,Office Products - Pay,Republican herself our far measure involve soldier.,12.0,2020-08-27 15:53:48
140,Automotive - Real,Result Democrat later direction fund law indeed.,8.0,2020-07-30 10:11:24
141,Sports & Outdoors - Late,Professor hear check type attack story.,5.0,2020-07-27 17:07:20
142,Music - Big,Speech news only no form business.,17.0,2021-08-12 02:24:54
143,Industrial - Reduce,Test return why outside goal official.,16.0,2021-01-18 07:27:39
144,Home & Kitchen - Realize,Difference board suddenly happen several off southern.,3.0,2023-07-31 05:54:03
145,Clothing - Speak,Party poor ago upon stop environment Congress reflect.,2.0,2021-06-07 22:08:03
146,Beauty - Group,Accept thank not husband center plan.,4.0,2020-04-27 07:07:21
147,Sports & Outdoors - Skin,Democrat information game have return since nothing.,5.0,2020-07-15 15:02:37
148,Handmade - Area,Church pay purpose evening.,21.0,2022-11-05 13:46:28
149,Books - Mention,Kind event sense box involve exist question main.,6.0,2022-11-13 03:53:14
150,Baby - Answer,House out account feeling deep.,14.0,2020-09-30 00:03:40
151,Jewelry - Especially,Foreign account section compare herself.,20.0,2023-01-05 13:02:43
152,Home & Kitchen - Month,Street south author technology amount affect TV.,3.0,2023-08-25 00:23:22
153,Garden - Parent,Of remember individual boy again foot.,13.0,2023-05-28 04:58:56
154,Garden - Prepare,Story turn because such during open model.,13.0,2021-10-12 16:58:30
155,Jewelry - Force,Develop single baby plan most create.,20.0,2023-04-21 13:06:47
156,Furniture - Have,Door chair culture own.,15.0,2023-03-29 03:39:03
157,Music - Reality,Concern significant management senior.,17.0,2023-03-28 15:47:40
158,Health - List,Poor worry follow wife firm key light.,9.0,2022-09-21 22:28:24
159,Movies - Style,Option goal avoid left also.,18.0,2021-09-03 05:15:10
160,Electronics - Few,Popular within bed order.,1.0,2021-09-26 05:18:58
161,Beauty - Partner,West school American training occur could painting.,4.0,2022-03-15 23:39:12
162,Movies - Assume,Billion tonight gas research mean common easy.,18.0,2021-12-13 01:19:39
163,Health - Leg,Mission city health executive impact full our.,9.0,2023-05-10 12:53:13
164,Handmade - Radio,At behind question exist rich prevent.,21.0,2023-10-28 15:19:18
165,Pet Supplies - Tv,Four old center glass.,11.0,2024-01-26 06:34:22
166,Beauty - Say,Can remember be next poor foreign.,4.0,2020-09-16 05:01:46
167,Grocery - Scientist,Behavior provide meet adult final week game.,10.0,2023-04-06 19:57:26
168,Baby - Dark,Yourself choice fast small medical.,14.0,2022-05-11 02:11:43
169,Books - Single,Also from short capital heavy class story.,6.0,2023-04-14 01:13:30
170,Furniture - Table,Return analysis hair rest.,15.0,2024-01-29 00:54:56
171,Electronics - Popular,Sell six doctor dream whole.,1.0,2023-05-03 10:35:48
172,Health - Well,Happy water worker left example.,9.0,2021-09-22 09:48:00
173,Music - News,Whom stage soon catch economic political.,17.0,2023-09-11 13:23:20
174,Books - Once,Represent middle by base.,6.0,2020-11-02 17:13:46
175,Music - Listen,Challenge join watch develop later glass ago.,17.0,2020-05-30 07:32:24
176,Beauty - Morning,Dog yes heart agreement us stuff.,4.0,2022-10-19 01:47:20
177,Handmade - Strong,Case expert stop receive.,21.0,2020-10-02 06:41:07
178,Grocery - Season,Large accept bad eight strong nature road.,10.0,2022-04-23 13:27:54
179,Handmade - Bring,Down business draw police performance.,21.0,2020-06-13 06:24:04
180,Music - Think,Others administration middle drop century investment pass.,17.0,2021-02-27 23:06:18
181,Jewelry - Keep,Professor beat window attack.,20.0,2022-04-21 01:26:06
182,Toys - Movement,Never hospital like player wonder effect administration.,7.0,2023-05-09 12:06:01
183,Sports & Outdoors - Hair,Run pick sign same forward.,5.0,2020-05-17 06:44:08
184,Office Products - Office,Spend compare single let receive place.,12.0,2023-06-12 01:46:02
185,Books - At,Already cut social though firm financial huge.,6.0,2023-06-17 18:48:27
186,Movies - Material,Already positive experience television answer.,18.0,2022-10-27 12:07:36
187,Music - Explain,Son join hundred keep.,17.0,2024-01-09 21:14:35
188,Electronics - Group,Many marriage under mind.,1.0,2023-05-27 22:52:44
189,Jewelry - Short,Bad own state nation fly bag.,20.0,2022-11-04 02:01:43
190,Pet Supplies - Follow,Owner international ready goal amount thank good.,11.0,2024-03-10 18:23:09
191,Industrial - Face,Avoid point guy song.,16.0,2022-12-01 02:23:34
192,Electronics - Allow,Support question just call.,1.0,2021-02-21 06:54:25
193,Beauty - Quite,Gun we allow check last he.,4.0,2021-12-22 02:03:09
194,Office Products - Ball,Case happen fire everything whether ago control.,12.0,2022-04-08 21:54:53
195,Grocery - White,Brother simple region Democrat partner really your.,10.0,2020-12-30 23:03:10
196,Automotive - Central,Later together knowledge because.,8.0,2022-12-04 18:42:16
197,Clothing - Through,Property remember nearly face feel church.,2.0,2023-01-14 03:39:18
198,Automotive - School,Soldier meeting building cut.,8.0,2020-10-02 09:38:13
199,Art - Street,Ago network hard sound necessary partner beat.,19.0,2021-06-08 08:51:52
200,Home & Kitchen - Series,Moment shoulder statement available win politics last.,3.0,2022-12-02 02:52:49
201,Home & Kitchen - Guy,There sister policy consider.,3.0,2024-01-24 04:21:59
202,Industrial - Lead,Treat area buy check clearly follow remember.,16.0,2021-08-01 00:48:46
203,Home & Kitchen - Yeah,Thus suffer economy play nearly by field.,3.0,2022-05-01 21:33:11
204,Movies - Morning,Option oil commercial person.,18.0,2023-10-22 07:05:06
205,Sports & Outdoors - Green,American tell ball we side enough decision.,5.0,2022-06-27 09:03:40
206,Sports & Outdoors - Prepare,Marriage phone face.,5.0,2024-01-10 03:15:17
207,Industrial - Meeting,Source rate father authority art.,16.0,2021-12-15 18:05:48
208,Movies - Member,Daughter parent fine responsibility safe team wish.,18.0,2020-09-20 13:15:01
209,Books - Hospital,No five letter environment easy best face.,6.0,2021-09-25 17:39:09
210,Health - Power,Eat tend civil force officer fine.,9.0,2023-04-02 09:32:49
211,Music - Moment,Level these market bed hotel lead drive.,17.0,2022-07-13 18:00:34
212,Jewelry - Anything,Example our successful.,20.0,2022-11-21 00:48:30
213,Baby - Feeling,Account blue care enough hand idea and.,14.0,2020-05-27 05:56:08
214,Toys - Or,Guy eye hit late near.,7.0,2023-07-02 06:06:55
215,Movies - Price,Budget window hour some fund voice sense current.,18.0,2022-03-27 07:34:29
216,Toys - Month,And case four.,7.0,2022-02-03 15:06:06
217,Grocery - Loss,Paper middle foreign party.,10.0,2020-11-05 22:00:26
218,Garden - Practice,Order medical meeting majority none.,13.0,2022-02-05 07:22:11
219,Handmade - Adult,Former body indicate film together the.,21.0,2022-09-18 19:58:37
220,Office Products - Picture,Enter pretty will official dinner anything lose.,12.0,2022-04-18 09:22:15
221,Furniture - Set,Simple herself start drug occur red course kid.,15.0,2021-11-15 07:54:07
222,Music - Itself,Improve simple turn their save.,17.0,2020-06-12 11:57:46
223,Furniture - Certainly,Debate foot production moment finish community treatment.,15.0,2021-07-26 15:13:03
224,Beauty - Health,Particular court east newspaper different.,4.0,2024-02-02 21:23:45
225,Automotive - Finish,Relate real major look night.,8.0,2023-12-08 18:05:24
226,Automotive - Set,Explain of myself time house.,8.0,2021-07-30 17:39:45
227,Home & Kitchen - Spring,Fact explain research get.,3.0,2021-12-19 19:14:34
228,Pet Supplies - Establish,Degree still even no even body scientist.,11.0,2021-02-26 02:08:53
229,Electronics - Apply,Difficult do beyond form line race case.,1.0,2024-01-21 15:09:06
230,Art - Woman,Imagine various there local.,19.0,2020-12-29 21:43:28
231,Movies - Field,Experience arrive shoulder present discussion school.,18.0,2023-08-07 19:27:18
232,Automotive - Always,Individual study value already.,8.0,2023-07-18 04:01:04
233,Art - Store,Control see the face also fear owner.,19.0,2023-11-29 22:38:27
234,Automotive - Government,Lawyer political modern threat care.,8.0,2022-03-20 03:25:14
235,Electronics - Explain,Speak former room possible responsibility.,1.0,2020-04-03 02:01:34
236,Home & Kitchen - Green,Nothing serious compare task today.,3.0,2023-07-04 16:58:08
237,Handmade - Myself,Beautiful protect continue cell food easy.,21.0,2021-03-29 12:06:58
238,Clothing - Eat,Send west few reveal activity president realize.,2.0,2020-06-12 06:27:34
239,Automotive - By,Fill if maybe time region financial brother.,8.0,2023-11-11 22:30:28
240,Home & Kitchen - Find,Pass despite card check security paper.,3.0,2021-11-11 01:00:11
241,Clothing - Often,Serious soon stay seven quite other skin.,2.0,2022-04-20 06:03:09
242,Pet Supplies - News,Back nor article natural measure of.,11.0,2020-10-18 10:28:18
243,Home & Kitchen - Generation,Kind quite response major together knowledge argue.,3.0,2020-09-22 06:33:40
244,Music - Just,Nor next pull final against effort able.,17.0,2021-01-25 20:28:26
245,Automotive - Baby,Interest red must.,8.0,2020-06-09 12:56:14
246,Health - Wall,Worry line expert conference.,9.0,2020-09-27 08:44:21
247,Industrial - Put,Hear through large true help bag.,16.0,2024-01-21 02:01:28
248,Toys - Two,Card team budget year hotel camera without.,7.0,2023-07-16 03:34:30
249,Movies - Something,Without leg rest.,18.0,2021-11-23 03:24:35
250,Sports & Outdoors - Hundred,Easy get every visit right.,5.0,2020-08-25 08:52:03
251,Art - Table,Past view threat drive attack order.,19.0,2021-12-25 17:46:21
252,Art - Remember,Each analysis keep.,19.0,2022-05-11 01:48:41
253,Industrial - Somebody,Cell year doctor trouble.,16.0,2022-07-03 04:22:17
254,Automotive - Participant,Significant stand down then worry miss including every.,8.0,2022-06-04 20:25:16
255,Industrial - Perhaps,Personal interview many win.,16.0,2023-12-19 03:04:25
256,Baby - Remain,Skill five indicate chance heavy senior.,14.0,2022-02-03 07:12:03
257,Toys - Time,Feeling remain south trip none.,7.0,2024-01-26 09:43:03
258,Beauty - Onto,Care drug data position two suggest begin.,4.0,2023-02-05 02:20:03
259,Beauty - Cut,Environmental purpose owner.,4.0,2023-09-10 19:58:50
260,Baby - Cup,Right next look thank four whatever address view.,14.0,2024-01-18 01:33:19
261,Office Products - Buy,Trial receive region however dream focus executive.,12.0,2022-01-23 16:21:00
262,Baby - Range,Final growth third letter sort reveal.,14.0,2023-03-31 05:13:07
263,Baby - Front,Have including none determine certainly.,14.0,2021-03-29 11:43:28
264,Furniture - Worry,Often individual charge form here street material pressure.,15.0,2022-12-09 00:59:44
265,Clothing - Even,Whom politics make collection some college result.,2.0,2022-02-24 22:02:46
266,Handmade - Whom,Wrong whatever model stuff avoid stand any.,21.0,2020-03-22 20:01:40
267,Handmade - Certain,Discuss religious across media health pay project pattern.,21.0,2022-02-17 10:47:53
268,Beauty - Method,According necessary activity.,4.0,2022-04-25 23:11:01
269,Clothing - Face,Within admit spend purpose south travel blood.,2.0,2020-08-01 05:14:58
270,Garden - Church,Court money spring environment however.,13.0,2021-09-09 12:30:51
271,Pet Supplies - Into,North wrong difficult range summer president teach.,11.0,2023-03-28 05:34:50
272,Beauty - Better,Here need argue act commercial matter.,4.0,2021-12-07 10:22:59
273,Automotive - Still,Not teach believe month amount deep.,8.0,2023-09-02 19:00:32
274,Toys - Very,Little another avoid understand tonight nor allow.,7.0,2023-11-30 09:33:49
275,Toys - Forward,Which onto sell.,7.0,2023-01-18 18:01:11
276,Movies - Information,Federal nor note support.,18.0,2022-11-27 15:05:44
277,Furniture - Now,Himself science so ready bad seat.,15.0,2021-07-31 19:04:37
278,Sports & Outdoors - Billion,Discussion away painting pass other why.,5.0,2021-07-03 07:56:56
279,Baby - Protect,Situation late direction need heart.,14.0,2020-12-09 20:43:30
280,Books - Pay,Beat peace something require bank child.,6.0,2023-01-17 05:45:22
281,Health - Protect,Science first blood accept.,9.0,2021-06-06 20:59:08
282,Furniture - Here,Bill beautiful issue news mention.,15.0,2020-08-11 09:57:20
283,Automotive - Behind,Never others six tell activity including.,8.0,2023-04-25 20:13:45
284,Home & Kitchen - Share,Toward within occur college herself catch feeling.,3.0,2022-03-03 22:36:58
285,Furniture - At,Itself inside machine baby.,15.0,2021-03-16 05:32:58
286,Movies - Employee,Many pattern leader career according how success here.,18.0,2023-08-25 03:29:07
287,Beauty - Less,Issue statement prepare organization feel owner.,4.0,2022-12-24 07:15:11
288,Clothing - Measure,Concern huge five same plan whose.,2.0,2023-04-29 22:35:24
289,Handmade - Gas,Exactly skill half usually customer young.,21.0,2020-12-01 08:59:12
290,Movies - Special,Agree road wall decide something story attorney.,18.0,2023-08-04 02:12:49
291,Electronics - Stuff,Pull cause field education child institution.,1.0,2021-09-15 06:38:08
292,Home & Kitchen - List,Look husband media turn reality myself so growth.,3.0,2023-10-12 19:11:49
293,Automotive - Not,Point be shoulder price great positive and worker.,8.0,2022-11-28 06:24:57
294,Books - Instead,Whole involve action else member million.,6.0,2022-07-09 14:55:40
295,Baby - Parent,Knowledge hospital sign open matter.,14.0,2021-07-30 11:47:49
296,Industrial - Ago,Bit indeed which break wait center find.,16.0,2022-01-07 17:32:17
297,Industrial - Design,Lot live just recent five feel special.,16.0,2020-08-28 15:25:51
298,Toys - Time,Possible quality clearly worker during company.,7.0,2020-11-02 11:02:11
299,Garden - Opportunity,When discussion if continue policy it.,13.0,2020-04-25 03:45:41
300,Clothing - Positive,Last involve above Democrat everything.,2.0,2023-01-05 16:08:51
301,Books - Style,Officer son Mr hand.,6.0,2020-12-26 10:12:53
302,Garden - Build,Provide majority whole finish home.,13.0,2021-10-07 23:58:40
303,Electronics - Build,Goal leader common purpose song try.,1.0,2022-07-23 17:17:19
304,Garden - Remember,Finish draw bring health.,13.0,2020-10-06 00:39:06
305,Health - Important,Others offer institution main Mr try.,9.0,2023-12-03 05:11:07
306,Furniture - Consumer,Cold eye cost success people tend weight.,15.0,2022-02-19 12:03:12
307,Grocery - Day,White measure manager range indeed style.,10.0,2022-02-25 11:28:55
308,Baby - Beautiful,Air set factor ever Mrs collection leader.,14.0,2023-03-03 07:08:19
309,Movies - Space,Near both box simple statement happen state.,18.0,2020-05-13 07:10:59
310,Industrial - Serve,National wrong bill stop seem fear.,16.0,2024-03-12 11:07:54
311,Sports & Outdoors - Listen,Give stage keep yes simply.,5.0,2021-02-22 16:14:26
312,Toys - Talk,Ready technology particular into pattern size spend south.,7.0,2022-06-24 08:43:52
313,Grocery - No,Others collection without fall of.,10.0,2024-01-03 22:08:16
314,Toys - My,Career seek in arrive.,7.0,2021-04-22 15:59:52
315,Clothing - Reality,Reduce car chair focus.,2.0,2021-03-10 04:12:48
316,Art - Threat,Majority officer environmental increase later plant.,19.0,2023-09-20 08:03:09
317,Movies - Better,Middle everything view hard wear force.,18.0,2020-03-17 02:54:19
318,Clothing - Staff,Room learn professional group.,2.0,2020-06-14 00:45:28
319,Pet Supplies - Nor,Design involve deep environmental stock front.,11.0,2022-07-05 20:18:07
320,Clothing - Others,Small thus several animal phone student administration.,2.0,2023-12-01 08:56:01
321,Clothing - Coach,Lead yeah into yet travel think.,2.0,2021-05-28 12:30:50
322,Art - Two,Behavior growth bar professor power.,19.0,2020-05-28 04:00:39
323,Industrial - Process,Rise sense investment before believe.,16.0,2021-01-19 07:23:12
324,Music - Bank,Order mind knowledge account.,17.0,2021-07-28 10:56:44
325,Music - Camera,Really local director become south billion.,17.0,2021-09-01 12:01:18
326,Books - Firm,Him spend themselves political.,6.0,2022-11-27 18:40:34
327,Clothing - Authority,None particular clearly goal defense security turn.,2.0,2022-08-30 13:41:22
328,Music - Level,Beautiful beyond sell operation himself.,17.0,2024-01-19 18:37:11
329,Home & Kitchen - Forward,Easy popular easy over.,3.0,2023-01-31 02:56:31
330,Books - Feel,Summer probably feeling.,6.0,2022-04-08 22:03:00
331,Home & Kitchen - Mr,Security far approach today west.,3.0,2022-03-06 12:27:34
332,Jewelry - Budget,Matter order month within would.,20.0,2023-12-07 22:25:13
333,Home & Kitchen - Cause,Team nothing half raise several west.,3.0,2023-04-12 23:36:08
334,Automotive - Adult,Attack energy always art smile media pick may.,8.0,2021-11-10 10:30:01
335,Garden - Science,Bar Mr pattern everyone finally memory.,13.0,2021-01-04 08:54:48
336,Beauty - System,Movie hospital plant strong.,4.0,2022-12-03 12:04:27
337,Art - Attorney,Recognize role suffer around beat.,19.0,2021-12-08 06:30:25
338,Automotive - Long,Participant finally score scientist budget remain reduce clearly.,8.0,2024-01-04 19:50:12
339,Art - Necessary,Situation result cold camera sit environmental though.,19.0,2023-04-14 12:52:58
340,Jewelry - All,Southern evening ask Republican office baby.,20.0,2022-01-07 12:48:34
341,Clothing - Here,Matter note happy effort.,2.0,2020-08-10 20:21:02
342,Jewelry - Painting,Direction meeting analysis television.,20.0,2021-03-05 18:54:32
343,Home & Kitchen - Marriage,Him change use tax need trial.,3.0,2023-02-28 14:11:14
344,Baby - Kind,Focus indicate result even back.,14.0,2021-09-09 03:58:45
345,Art - Morning,Conference source wonder.,19.0,2024-01-06 09:06:57
346,Art - Authority,Tend similar financial beat lead hard factor.,19.0,2023-05-03 15:23:58
347,Music - Sister,Drug happy will young simply run national somebody.,17.0,2020-10-19 11:30:23
348,Pet Supplies - Work,Agency must player really act friend.,11.0,2023-03-27 06:33:17
349,Health - However,Billion morning draw man art.,9.0,2024-03-09 00:36:51
350,Toys - Seek,Behavior TV today mind red.,7.0,2021-09-08 16:53:33
351,Pet Supplies - Small,Oil measure PM hour.,11.0,2022-07-26 05:51:23
352,Automotive - Assume,Production candidate factor surface unit hotel.,8.0,2023-07-11 21:07:43
353,Health - General,Laugh do want carry show board.,9.0,2020-08-14 20:52:24
354,Garden - Listen,Finish building group show later leg system.,13.0,2020-07-23 14:37:22
355,Sports & Outdoors - Surface,Step recent American structure foreign.,5.0,2020-07-24 18:23:36
356,Handmade - Energy,How any federal star community weight.,21.0,2023-08-14 01:06:41
357,Grocery - Only,Economic left sound cause activity store work.,10.0,2020-09-20 11:27:54
358,Furniture - Than,Head piece popular old else spend.,15.0,2020-04-14 08:34:20
359,Pet Supplies - Attention,Total kitchen can toward stop.,11.0,2021-07-10 21:20:19
360,Home & Kitchen - And,Anything under item right many him interview.,3.0,2021-08-12 14:31:05
361,Electronics - When,Every land chance pass.,1.0,2022-08-31 21:17:11
362,Furniture - Radio,Material third look because him.,15.0,2021-11-15 23:50:20
363,Jewelry - Question,Eat yes myself affect him require look.,20.0,2023-04-29 03:40:55
364,Art - Guy,Maybe home conference five despite time sing.,19.0,2020-06-07 02:34:41
365,Beauty - Marriage,Group once do city easy drop move.,4.0,2023-05-13 11:22:25
366,Home & Kitchen - Since,Shake way offer work.,3.0,2021-10-01 23:27:57
367,Movies - Worry,Compare or south recently.,18.0,2023-11-08 19:06:32
368,Toys - Ahead,Way nor none could write think.,7.0,2022-03-02 15:09:25
369,Music - For,Make bed discussion despite.,17.0,2022-04-21 15:04:37
370,Health - A,Truth cut candidate response try such.,9.0,2021-06-29 06:11:56
371,Sports & Outdoors - Age,Only true similar suffer.,5.0,2023-08-22 21:52:46
372,Office Products - Baby,Relate product only from follow wish.,12.0,2023-02-16 10:40:48
373,Home & Kitchen - Leave,Power company why really up skin development.,3.0,2022-07-21 22:34:28
374,Automotive - Continue,Fill read camera rock we we.,8.0,2021-10-06 14:55:41
375,Office Products - Spend,Allow own TV whose determine not view.,12.0,2020-10-04 23:34:32
376,Grocery - Skill,Draw word collection those.,10.0,2020-07-21 03:11:43
377,Books - Section,Land enter economic attack either blue.,6.0,2020-03-15 09:06:46
378,Furniture - Imagine,Run why this manage her national.,15.0,2020-08-08 16:35:07
379,Movies - Measure,Prepare reach class available suffer far five.,18.0,2024-01-02 20:21:32
380,Grocery - Back,Color heart rule natural together behavior.,10.0,2022-07-29 08:42:30
381,Jewelry - Positive,Relate issue president parent its approach former.,20.0,2024-02-05 01:33:44
382,Handmade - It,Reveal role enter example down anyone occur.,21.0,2023-07-23 12:02:37
383,Music - Class,Guess into far.,17.0,2022-11-05 16:37:59
384,Electronics - Plan,Current agent color factor bank such final.,1.0,2021-10-15 04:36:18
385,Movies - Middle,Before name continue those hard.,18.0,2021-12-24 18:25:40
386,Grocery - Everyone,Let difficult environmental article sell property.,10.0,2020-07-16 17:21:02
387,Beauty - Guy,Including series dinner article hit mission whole.,4.0,2022-12-12 06:52:55
388,Sports & Outdoors - Would,Of dog federal house take alone number.,5.0,2022-04-07 13:22:50
389,Health - Owner,Challenge we last we cold deep cover amount.,9.0,2020-07-06 00:01:49
390,Beauty - Result,Dark state challenge organization floor road.,4.0,2023-06-06 00:06:54
391,Beauty - Begin,News need task mind true actually.,4.0,2022-12-31 18:46:11
392,Movies - People,Site both change note old who beyond.,18.0,2020-08-14 20:04:10
393,Sports & Outdoors - State,Size test they there.,5.0,2021-04-03 09:37:29
394,Health - Real,Occur list common idea peace race I.,9.0,2021-10-12 17:53:18
395,Grocery - Until,Real any little environmental head full.,10.0,2023-05-17 00:02:44
396,Jewelry - Foreign,Successful teach range win direction.,20.0,2021-05-26 11:56:58
397,Toys - Six,Similar fly rock painting become kid.,7.0,2023-11-07 23:55:21
398,Pet Supplies - Investment,Service test start middle city find medical.,11.0,2020-09-27 16:29:12
399,Toys - Today,These ahead cover strategy student economic lead.,7.0,2023-11-14 17:09:06
400,Handmade - Sea,Ever statement measure play buy.,21.0,2020-04-27 03:49:48
401,Health - Hotel,Order concern that only glass clear thus.,9.0,2023-03-12 17:02:45
402,Music - Risk,Expect hit clear occur.,17.0,2024-01-22 05:08:11
403,Industrial - Tough,Positive question especially important after.,16.0,2023-04-27 12:00:36
404,Health - Speak,Listen car community.,9.0,2023-05-27 12:56:47
405,Clothing - Door,Part wall require remember every.,2.0,2023-10-12 18:32:49
406,Home & Kitchen - Together,Learn design few minute perhaps once.,3.0,2020-03-24 05:49:11
407,Handmade - Recognize,No order executive range loss from.,21.0,2021-04-21 10:32:05
408,Baby - Garden,End represent throughout federal change.,14.0,2023-04-05 20:03:02
409,Health - We,South sort outside produce.,9.0,2022-12-03 01:33:27
410,Clothing - Set,Pretty young else.,2.0,2021-11-15 00:22:37
411,Electronics - Important,On yes staff.,1.0,2021-07-27 20:40:17
412,Pet Supplies - Sell,Rather point little wait grow.,11.0,2021-05-26 01:56:05
413,Sports & Outdoors - Conference,Congress best campaign else space several consumer.,5.0,2022-12-01 12:58:25
414,Handmade - Government,Develop development the inside.,21.0,2023-09-30 03:37:21
415,Health - Hot,One less brother approach plant.,9.0,2022-07-09 07:44:00
416,Books - Pressure,Line create build quite.,6.0,2022-04-26 13:56:25
417,Furniture - Job,That character yeah.,15.0,2021-07-27 03:14:22
418,Movies - Over,Century television Congress ball forward would finish.,18.0,2020-06-06 06:19:27
419,Baby - Live,Decide similar office citizen size.,14.0,2023-04-26 16:40:59
420,Movies - Carry,Its investment investment local above move room wear.,18.0,2023-10-07 16:38:50
421,Electronics - Sometimes,Course quality phone eat really general can.,1.0,2021-09-24 20:38:14
422,Beauty - Per,Cold statement fear fact road.,4.0,2022-08-01 18:44:02
423,Home & Kitchen - Green,Thousand yet garden top grow could.,3.0,2023-12-28 14:54:40
424,Sports & Outdoors - Why,Affect difference world deep against mean.,5.0,2020-09-09 10:37:30
425,Movies - Seek,Heart policy side.,18.0,2022-09-09 21:11:28
426,Clothing - Phone,Product president after.,2.0,2022-12-16 04:54:52
427,Office Products - Keep,Herself natural listen check receive piece.,12.0,2021-05-27 10:14:59
428,Art - Recently,Production establish paper case.,19.0,2023-07-10 01:24:04
429,Movies - Book,Responsibility brother box blood cup current enjoy.,18.0,2022-04-16 19:17:04
430,Sports & Outdoors - Defense,Region far always many debate value.,5.0,2021-07-09 12:09:34
431,Baby - Able,Public trade structure.,14.0,2022-11-15 22:08:03
432,Sports & Outdoors - Church,Single avoid rich toward.,5.0,2022-10-10 20:35:54
433,Clothing - Loss,Enough anyone spend them system.,2.0,2021-08-21 18:24:46
434,Grocery - Research,International break surface three act catch.,10.0,2022-10-15 00:56:34
435,Office Products - Get,Thus western environmental run head garden.,12.0,2020-08-26 19:29:15
436,Clothing - Instead,Even history surface son power someone both.,2.0,2022-12-25 14:01:25
437,Office Products - Artist,Billion treat lot notice.,12.0,2021-12-13 15:30:41
438,Toys - Popular,Single particularly television they road through.,7.0,2022-02-17 06:25:58
439,Automotive - Method,Thought key as pressure.,8.0,2020-03-31 13:34:41
440,Beauty - Trouble,Should office north within prove full mission.,4.0,2023-01-01 00:39:45
441,Office Products - Beyond,Product eat generation put his stuff.,12.0,2022-06-07 05:26:16
442,Movies - Position,Activity various measure.,18.0,2022-01-28 02:53:18
443,Baby - Mission,Avoid man drive wife.,14.0,2020-05-26 01:38:26
444,Jewelry - Dog,Poor idea dog learn soon large task.,20.0,2021-12-26 15:45:32
445,Sports & Outdoors - By,Seat adult idea along near stay social.,5.0,2024-01-19 15:54:13
446,Automotive - Public,Three none pressure lay future.,8.0,2023-07-02 06:06:14
447,Books - Technology,Such forward should outside respond.,6.0,2021-08-26 06:24:10
448,Books - Local,Best probably able great.,6.0,2022-09-25 06:16:44
449,Baby - Such,Natural hear blood to manage.,14.0,2023-06-27 04:21:12
450,Electronics - Situation,Blood particularly could us hotel lead.,1.0,2023-04-29 03:09:59
451,Books - Sense,Blue increase unit study open sign.,6.0,2021-12-31 16:15:08
452,Pet Supplies - Reason,What care material morning any very stuff lot.,11.0,2022-03-26 03:53:18
453,Baby - Will,Reality community spring billion.,14.0,2022-10-30 02:54:18
454,Automotive - Police,Mean his woman trouble several event.,8.0,2024-01-20 06:42:37
455,Health - Financial,Source catch owner though mention successful natural.,9.0,2021-06-15 02:51:30
456,Books - Since,Plan cut person fact generation public wonder.,6.0,2022-10-19 06:11:48
457,Beauty - Could,My PM report set no old wall.,4.0,2023-01-14 23:17:05
458,Garden - Represent,Experience suggest space mission agent certainly prove.,13.0,2020-12-30 13:22:41
459,Clothing - Social,Worker raise chair artist.,2.0,2023-05-03 10:08:47
460,Industrial - Democrat,Allow sport bill test science ten score.,16.0,2022-06-11 12:02:36
461,Automotive - Economy,Six sometimes explain professor unit hold what.,8.0,2024-02-07 03:30:10
462,Toys - Form,Approach season data than team kitchen difficult.,7.0,2022-09-25 10:44:34
463,Furniture - Security,Sense national owner simply who family.,15.0,2020-11-27 17:16:58
464,Office Products - Result,Cost community message help.,12.0,2021-11-29 12:58:41
465,Grocery - Only,Candidate once effort form report.,10.0,2020-10-25 16:09:00
466,Automotive - Class,Others similar personal successful feeling so.,8.0,2022-05-26 06:28:48
467,Automotive - Baby,Moment whatever minute skill city myself.,8.0,2021-10-23 21:13:13
468,Electronics - Happy,Third professional former family wear.,1.0,2022-09-02 18:59:20
469,Toys - May,Statement wonder across protect knowledge toward party.,7.0,2022-09-06 22:57:26
470,Garden - Among,High someone box either rich agency.,13.0,2022-04-07 15:08:55
471,Pet Supplies - Speech,Method meet main fast prepare fly.,11.0,2020-07-11 19:28:24
472,Health - Big,Will significant mouth phone.,9.0,2021-01-15 10:49:51
473,Home & Kitchen - Professional,Ten interest billion Mrs reflect.,3.0,2024-02-07 17:34:12
474,Health - Stage,Position vote section child learn forward.,9.0,2020-07-19 08:56:25
475,Office Products - Arm,Some newspaper offer direction.,12.0,2021-03-26 09:10:31
476,Handmade - Important,Picture item admit pull movement political peace.,21.0,2023-03-22 22:28:05
477,Music - Pay,Red authority up.,17.0,2020-08-15 13:37:35
478,Garden - Stop,Paper example unit high state.,13.0,2020-04-27 12:48:17
479,Movies - Close,Detail section someone support far plant fear.,18.0,2023-09-30 08:20:27
480,Pet Supplies - Stuff,Whatever action themselves center among of.,11.0,2021-10-10 05:53:38
481,Electronics - Officer,Fight security tough gas.,1.0,2021-11-06 09:06:45
482,Beauty - Race,Central contain pattern education boy provide note.,4.0,2020-05-31 23:12:39
483,Health - Society,Leave near fact attack better rise maintain.,9.0,2021-07-09 20:49:52
484,Books - Career,Beyond people too fish late.,6.0,2022-08-30 23:01:51
485,Art - Follow,Charge note space when collection finish size Republican.,19.0,2022-10-05 17:56:21
486,Health - Factor,Care run there leg grow figure.,9.0,2022-05-28 11:28:58
487,Clothing - Continue,Bank exactly step through cultural safe phone road.,2.0,2023-10-07 20:06:41
488,Beauty - Time,Place spend often shoulder defense already end.,4.0,2023-10-10 14:03:22
489,Jewelry - Notice,President chance hotel through operation tax card.,20.0,2022-03-15 15:05:36
490,Baby - Believe,Hair action draw who word range.,14.0,2023-03-24 18:08:18
491,Office Products - Challenge,City not not the certainly rule voice.,12.0,2020-05-11 13:26:01
492,Pet Supplies - Sort,Discussion enough doctor protect military social hold.,11.0,2023-11-14 12:37:27
493,Baby - Upon,Always possible billion.,14.0,2024-01-27 08:41:28
494,Jewelry - Property,Strong enjoy name community president.,20.0,2021-08-29 04:36:25
495,Music - Ready,Might heavy trade might.,17.0,2021-08-11 01:52:07
496,Beauty - Trip,Main lot page maybe catch close.,4.0,2020-07-04 03:08:21
497,Garden - Question,Deep cost gun response brother.,13.0,2021-02-13 00:50:03
498,Art - Talk,Result loss long decision claim street.,19.0,2020-04-15 07:13:04
499,Toys - Animal,Of claim picture always.,7.0,2022-06-27 13:41:34
500,Health - Arrive,Election conference when out.,9.0,2022-06-14 21:53:09
